Tahun,predicted_jumlah_lulusan
2026,520.8789266381489
2027,453.5163710014477
2028,500.03527306735623
2029,467.9104786773023
2030,490.0950610464452
